age,race_ethn,sex,persons
0,W,F,386
0,B,M,3
0,H,M,0
0,B,F,1
10,S,F,0
10,O,F,0
10,O,F,3
32,W,M,7
32,H,M,6768
32,O,M,51
32,B,F,6
32,O,F,3
32,S,M,22
72,S,F,12
72,W,M,4488
72,W,F,5252
72,H,M,0
72,B,M,3
72,O,M,0
100,H,M,0
100,O,F,5
100,W,M,5
100,S,F,0
100,W,M,0
